{"v":"5.3.4","fr":12,"ip":0,"op":84,"w":1600,"h":1200,"nm":"gitcat animation","ddd":0,"assets":[],"layers":[{"ddd":0,"ind":1,"ty":4,"nm":"cat-4","sr":1,"ks":{"o":{"a":0,"k":100,"ix":11},"r":{"a":0,"k":0,"ix":10},"p":{"a":0,"k":[832.305,535.734,0],"ix":2},"a":{"a":0,"k":[209.667,156.813,0],"ix":1},"s":{"a":0,"k":[100,100,100],"ix":6}},"ao":0,"shapes":[{"ty":"gr","it":[{"ind":0,"ty":"sh","ix":1,"ks":{"a":0,"k":{"i":[[4.833,0],[1.408,0.539],[0,0],[-2.377,6.194],[-6.162,-2.354],[0,0],[2.377,-6.193]],"o":[[-1.431,0],[0,0],[-6.202,-2.373],[2.369,-6.197],[0,0],[6.2,2.373],[-1.83,4.782]],"v":[[24.198,22.063],[19.905,21.266],[-28.491,2.726],[-35.411,-12.789],[-19.905,-19.709],[28.491,-1.169],[35.412,14.346]],"c":true},"ix":2},"nm":"Path 1","mn":"ADBE Vector Shape - Group","hd":false},{"ty":"fl","c":{"a":0,"k":[0.219999994016,0.541000007181,0.984000052658,1],"ix":4},"o":{"a":0,"k":100,"ix":5},"r":1,"nm":"Fill 1","mn":"ADBE Vector Graphic - Fill","hd":false},{"ty":"tr","p":{"a":0,"k":[381.296,181.77],"ix":2},"a":{"a":0,"k":[0,0],"ix":1},"s":{"a":0,"k":[100,100],"ix":3},"r":{"a":0,"k":0,"ix":6},"o":{"a":0,"k":100,"ix":7},"sk":{"a":0,"k":0,"ix":4},"sa":{"a":0,"k":0,"ix":5},"nm":"Transform"}],"nm":"Group 1","np":2,"cix":2,"ix":1,"mn":"ADBE Vector Group","hd":false},{"ty":"gr","it":[{"ind":0,"ty":"sh","ix":1,"ks":{"a":0,"k":{"i":[[1.384,0],[1.799,4.848],[-6.225,2.303],[0,0],[-2.306,-6.224],[6.224,-2.303],[0,0]],"o":[[-4.88,0],[-2.298,-6.221],[0,0],[6.224,-2.291],[2.299,6.221],[0,0],[-1.376,0.508]],"v":[[-23.295,21.406],[-34.564,13.56],[-27.463,-1.873],[19.127,-19.115],[34.563,-12.019],[27.463,3.414],[-19.127,20.656]],"c":true},"ix":2},"nm":"Path 1","mn":"ADBE Vector Shape - Group","hd":false},{"ty":"fl","c":{"a":0,"k":[0.219999994016,0.541000007181,0.984000052658,1],"ix":4},"o":{"a":0,"k":100,"ix":5},"r":1,"nm":"Fill 1","mn":"ADBE Vector Graphic - Fill","hd":false},{"ty":"tr","p":{"a":0,"k":[380.908,141.232],"ix":2},"a":{"a":0,"k":[0,0],"ix":1},"s":{"a":0,"k":[100,100],"ix":3},"r":{"a":0,"k":0,"ix":6},"o":{"a":0,"k":100,"ix":7},"sk":{"a":0,"k":0,"ix":4},"sa":{"a":0,"k":0,"ix":5},"nm":"Transform"}],"nm":"Group 2","np":2,"cix":2,"ix":2,"mn":"ADBE Vector Group","hd":false},{"ty":"gr","it":[{"ind":0,"ty":"sh","ix":1,"ks":{"a":0,"k":{"i":[[1.431,0],[1.829,4.782],[-6.193,2.373],[0,0],[-2.377,-6.201],[6.194,-2.373],[0,0]],"o":[[-4.833,0],[-2.378,-6.193],[0,0],[6.193,-2.366],[2.377,6.194],[0,0],[-1.416,0.539]],"v":[[-24.194,22.069],[-35.407,14.352],[-28.495,-1.163],[19.894,-19.703],[35.408,-12.783],[28.495,2.732],[-19.893,21.272]],"c":true},"ix":2},"nm":"Path 1","mn":"ADBE Vector Shape - Group","hd":false},{"ty":"fl","c":{"a":0,"k":[0.219999994016,0.541000007181,0.984000052658,1],"ix":4},"o":{"a":0,"k":100,"ix":5},"r":1,"nm":"Fill 1","mn":"ADBE Vector Graphic - Fill","hd":false},{"ty":"tr","p":{"a":0,"k":[38.035,189.783],"ix":2},"a":{"a":0,"k":[0,0],"ix":1},"s":{"a":0,"k":[100,100],"ix":3},"r":{"a":0,"k":0,"ix":6},"o":{"a":0,"k":100,"ix":7},"sk":{"a":0,"k":0,"ix":4},"sa":{"a":0,"k":0,"ix":5},"nm":"Transform"}],"nm":"Group 3","np":2,"cix":2,"ix":3,"mn":"ADBE Vector Group","hd":false},{"ty":"gr","it":[{"ind":0,"ty":"sh","ix":1,"ks":{"a":0,"k":{"i":[[4.879,0],[1.376,0.508],[0,0],[-2.299,6.221],[-6.232,-2.295],[0,0],[2.299,-6.221]],"o":[[-1.384,0],[0,0],[-6.224,-2.303],[2.314,-6.224],[0,0],[6.225,2.302],[-1.798,4.848]],"v":[[23.299,21.406],[19.131,20.656],[-27.467,3.418],[-34.567,-12.016],[-19.131,-19.111],[27.467,-1.872],[34.567,13.56]],"c":true},"ix":2},"nm":"Path 1","mn":"ADBE Vector Shape - Group","hd":false},{"ty":"fl","c":{"a":0,"k":[0.219999994016,0.541000007181,0.984000052658,1],"ix":4},"o":{"a":0,"k":100,"ix":5},"r":1,"nm":"Fill 1","mn":"ADBE Vector Graphic - Fill","hd":false},{"ty":"tr","p":{"a":0,"k":[38.415,149.251],"ix":2},"a":{"a":0,"k":[0,0],"ix":1},"s":{"a":0,"k":[100,100],"ix":3},"r":{"a":0,"k":0,"ix":6},"o":{"a":0,"k":100,"ix":7},"sk":{"a":0,"k":0,"ix":4},"sa":{"a":0,"k":0,"ix":5},"nm":"Transform"}],"nm":"Group 4","np":2,"cix":2,"ix":4,"mn":"ADBE Vector Group","hd":false},{"ty":"gr","it":[{"ind":0,"ty":"sh","ix":1,"ks":{"a":0,"k":{"i":[[6.631,0],[0,6.635],[0,0],[-6.632,0],[0,-6.634],[0,0]],"o":[[-6.632,0],[0,0],[0,-6.634],[6.631,0],[0,0],[0,6.635]],"v":[[0.001,22.724],[-12.012,10.714],[-12.012,-10.714],[0.001,-22.724],[12.012,-10.714],[12.012,10.714]],"c":true},"ix":2},"nm":"Path 1","mn":"ADBE Vector Shape - Group","hd":false},{"ty":"fl","c":{"a":0,"k":[0.219999994016,0.541000007181,0.984000052658,1],"ix":4},"o":{"a":0,"k":100,"ix":5},"r":1,"nm":"Fill 1","mn":"ADBE Vector Graphic - Fill","hd":false},{"ty":"tr","p":{"a":0,"k":[284.639,150.518],"ix":2},"a":{"a":0,"k":[0,0],"ix":1},"s":{"a":0,"k":[100,100],"ix":3},"r":{"a":0,"k":0,"ix":6},"o":{"a":0,"k":100,"ix":7},"sk":{"a":0,"k":0,"ix":4},"sa":{"a":0,"k":0,"ix":5},"nm":"Transform"}],"nm":"Group 5","np":2,"cix":2,"ix":5,"mn":"ADBE Vector Group","hd":false},{"ty":"gr","it":[{"ind":0,"ty":"sh","ix":1,"ks":{"a":0,"k":{"i":[[10.103,0],[5.49,10.552],[-5.88,3.061],[-3.066,-5.892],[-13.653,0],[-3.518,2.084],[-3.387,-5.716],[5.708,-3.379]],"o":[[-24.641,0],[-3.057,-5.885],[5.896,-3.05],[2.275,4.376],[5.731,0],[5.708,-3.359],[3.378,5.708],[-7.28,4.312]],"v":[[5.556,21.191],[-36.288,-1.943],[-31.174,-18.141],[-14.971,-13.024],[5.556,-2.83],[19.506,-5.974],[35.967,-1.759],[31.752,14.694]],"c":true},"ix":2},"nm":"Path 1","mn":"ADBE Vector Shape - Group","hd":false},{"ty":"fl","c":{"a":0,"k":[0.219999994016,0.541000007181,0.984000052658,1],"ix":4},"o":{"a":0,"k":100,"ix":5},"r":1,"nm":"Fill 1","mn":"ADBE Vector Graphic - Fill","hd":false},{"ty":"tr","p":{"a":0,"k":[207.666,212.756],"ix":2},"a":{"a":0,"k":[0,0],"ix":1},"s":{"a":0,"k":[100,100],"ix":3},"r":{"a":0,"k":0,"ix":6},"o":{"a":0,"k":100,"ix":7},"sk":{"a":0,"k":0,"ix":4},"sa":{"a":0,"k":0,"ix":5},"nm":"Transform"}],"nm":"Group 6","np":2,"cix":2,"ix":6,"mn":"ADBE Vector Group","hd":false},{"ty":"gr","it":[{"ind":0,"ty":"sh","ix":1,"ks":{"a":0,"k":{"i":[[6.631,0],[0,6.635],[0,0],[-6.631,0],[0,-6.634],[0,0]],"o":[[-6.631,0],[0,0],[0,-6.634],[6.631,0],[0,0],[0,6.635]],"v":[[0,22.724],[-12.011,10.714],[-12.011,-10.714],[0,-22.724],[12.011,-10.714],[12.011,10.714]],"c":true},"ix":2},"nm":"Path 1","mn":"ADBE Vector Shape - Group","hd":false},{"ty":"fl","c":{"a":0,"k":[0.219999994016,0.541000007181,0.984000052658,1],"ix":4},"o":{"a":0,"k":100,"ix":5},"r":1,"nm":"Fill 1","mn":"ADBE Vector Graphic - Fill","hd":false},{"ty":"tr","p":{"a":0,"k":[141.803,150.518],"ix":2},"a":{"a":0,"k":[0,0],"ix":1},"s":{"a":0,"k":[100,100],"ix":3},"r":{"a":0,"k":0,"ix":6},"o":{"a":0,"k":100,"ix":7},"sk":{"a":0,"k":0,"ix":4},"sa":{"a":0,"k":0,"ix":5},"nm":"Transform"}],"nm":"Group 7","np":2,"cix":2,"ix":7,"mn":"ADBE Vector Group","hd":false},{"ty":"gr","it":[{"ind":0,"ty":"sh","ix":1,"ks":{"a":0,"k":{"i":[[1.572,0],[1.948,4.564],[7.969,8.945],[-0.524,3.523],[-3.034,1.858],[0,36.308],[8.953,15.952],[-0.899,3.093],[4.082,6.06],[3.48,0.117],[14.083,-18.11],[4.511,1.005],[25.234,-5.677],[2.854,3.702],[17.204,-0.528],[2.486,-3.691],[-10.823,-36.382],[1.517,-2.799],[0,-20.562],[-26.626,-16.272],[3.457,-5.661],[5.638,3.452],[0,44.737],[-8.875,18.174],[-13.92,20.68],[-17.922,0.571],[-18.423,-19.526],[-24.561,-4.395],[-24.406,-0.868],[-4.418,-6.564],[4.425,-16.652],[0,-23.427],[26.588,-20.851],[-4.685,-10.956],[6.1,-2.603]],"o":[[-4.668,0],[-5.2,-12.175],[-2.369,-2.656],[0.516,-3.519],[26.618,-16.268],[0,-21.164],[-1.573,-2.808],[10.385,-35.763],[-2.471,-3.672],[-17.493,-0.657],[-2.839,3.656],[-25.328,-5.533],[-4.59,1.009],[-14.006,-18.181],[-3.511,0.113],[-4.2,6.236],[0.906,3.049],[-8.461,15.667],[0,36.304],[5.662,3.461],[-3.472,5.673],[-33.883,-20.707],[0,-22.731],[-4.348,-16.144],[4.433,-6.591],[24.641,-0.747],[24.491,-4.524],[18.494,-19.463],[17.829,0.613],[13.716,20.375],[9.407,18.556],[0,39.604],[8.477,11.878],[2.604,6.099],[-1.541,0.658]],"v":[[126.931,156.563],[115.874,149.263],[89.294,106.623],[86.385,96.871],[91.999,88.386],[131.561,10.251],[118.072,-45.683],[117.016,-54.911],[124.006,-127.145],[111.847,-131.685],[52.612,-102.627],[40.57,-98.267],[-40.099,-98.041],[-52.258,-102.431],[-111.548,-131.689],[-123.801,-127.145],[-116.388,-53.483],[-117.335,-44.35],[-130.089,10.251],[-90.521,88.386],[-86.533,104.898],[-103.048,108.882],[-154.111,10.251],[-140.739,-51.353],[-143.726,-140.561],[-112.315,-155.699],[-38.238,-122.942],[38.63,-123.142],[112.676,-155.695],[143.931,-140.561],[141.406,-52.979],[155.583,10.251],[115.537,101.254],[137.973,139.833],[131.639,155.593]],"c":true},"ix":2},"nm":"Path 1","mn":"ADBE Vector Shape - Group","hd":false},{"ty":"fl","c":{"a":0,"k":[0.219999994016,0.541000007181,0.984000052658,1],"ix":4},"o":{"a":0,"k":100,"ix":5},"r":1,"nm":"Fill 1","mn":"ADBE Vector Graphic - Fill","hd":false},{"ty":"tr","p":{"a":0,"k":[208.928,156.813],"ix":2},"a":{"a":0,"k":[0,0],"ix":1},"s":{"a":0,"k":[100,100],"ix":3},"r":{"a":0,"k":0,"ix":6},"o":{"a":0,"k":100,"ix":7},"sk":{"a":0,"k":0,"ix":4},"sa":{"a":0,"k":0,"ix":5},"nm":"Transform"}],"nm":"Group 8","np":2,"cix":2,"ix":8,"mn":"ADBE Vector Group","hd":false}],"ip":52,"op":167,"st":-25,"bm":0},{"ddd":0,"ind":2,"ty":4,"nm":"cat-3","sr":1,"ks":{"o":{"a":0,"k":100,"ix":11},"r":{"a":0,"k":0,"ix":10},"p":{"a":0,"k":[862.99,572.667,0],"ix":2},"a":{"a":0,"k":[185.926,121.668,0],"ix":1},"s":{"a":0,"k":[100,100,100],"ix":6}},"ao":0,"shapes":[{"ty":"gr","it":[{"ind":0,"ty":"sh","ix":1,"ks":{"a":0,"k":{"i":[[6.631,0],[0,6.636],[0,0],[-6.632,0],[0,-6.634],[0,0]],"o":[[-6.632,0],[0,0],[0,-6.634],[6.631,0],[0,0],[0,6.636]],"v":[[0.001,22.724],[-12.012,10.713],[-12.012,-10.714],[0.001,-22.724],[12.012,-10.714],[12.012,10.713]],"c":true},"ix":2},"nm":"Path 1","mn":"ADBE Vector Shape - Group","hd":false},{"ty":"fl","c":{"a":0,"k":[0.219999994016,0.541000007181,0.984000052658,1],"ix":4},"o":{"a":0,"k":100,"ix":5},"r":1,"nm":"Fill 1","mn":"ADBE Vector Graphic - Fill","hd":false},{"ty":"tr","p":{"a":0,"k":[233.615,142.499],"ix":2},"a":{"a":0,"k":[0,0],"ix":1},"s":{"a":0,"k":[100,100],"ix":3},"r":{"a":0,"k":0,"ix":6},"o":{"a":0,"k":100,"ix":7},"sk":{"a":0,"k":0,"ix":4},"sa":{"a":0,"k":0,"ix":5},"nm":"Transform"}],"nm":"Group 1","np":2,"cix":2,"ix":1,"mn":"ADBE Vector Group","hd":false},{"ty":"gr","it":[{"ind":0,"ty":"sh","ix":1,"ks":{"a":0,"k":{"i":[[6.631,0],[0,6.636],[0,0],[-6.631,0],[0,-6.634],[0,0]],"o":[[-6.631,0],[0,0],[0,-6.634],[6.631,0],[0,0],[0,6.636]],"v":[[0,22.724],[-12.011,10.713],[-12.011,-10.714],[0,-22.724],[12.011,-10.714],[12.011,10.713]],"c":true},"ix":2},"nm":"Path 1","mn":"ADBE Vector Shape - Group","hd":false},{"ty":"fl","c":{"a":0,"k":[0.219999994016,0.541000007181,0.984000052658,1],"ix":4},"o":{"a":0,"k":100,"ix":5},"r":1,"nm":"Fill 1","mn":"ADBE Vector Graphic - Fill","hd":false},{"ty":"tr","p":{"a":0,"k":[90.779,142.499],"ix":2},"a":{"a":0,"k":[0,0],"ix":1},"s":{"a":0,"k":[100,100],"ix":3},"r":{"a":0,"k":0,"ix":6},"o":{"a":0,"k":100,"ix":7},"sk":{"a":0,"k":0,"ix":4},"sa":{"a":0,"k":0,"ix":5},"nm":"Transform"}],"nm":"Group 2","np":2,"cix":2,"ix":2,"mn":"ADBE Vector Group","hd":false},{"ty":"gr","it":[{"ind":0,"ty":"sh","ix":1,"ks":{"a":0,"k":{"i":[[4.074,0],[1.932,1.161],[0,0],[-3.417,5.689],[-5.678,-3.41],[0,0],[3.417,-5.69]],"o":[[-2.104,0],[0,0],[-5.692,-3.413],[3.417,-5.681],[0,0],[5.692,3.414],[-2.252,3.753]],"v":[[22.208,26.19],[16.038,24.479],[-28.394,-2.183],[-32.515,-18.663],[-16.038,-22.78],[28.394,3.88],[32.515,20.362]],"c":true},"ix":2},"nm":"Path 1","mn":"ADBE Vector Shape - Group","hd":false},{"ty":"fl","c":{"a":0,"k":[0.219999994016,0.541000007181,0.984000052658,1],"ix":4},"o":{"a":0,"k":100,"ix":5},"r":1,"nm":"Fill 1","mn":"ADBE Vector Graphic - Fill","hd":false},{"ty":"tr","p":{"a":0,"k":[327.499,197.181],"ix":2},"a":{"a":0,"k":[0,0],"ix":1},"s":{"a":0,"k":[100,100],"ix":3},"r":{"a":0,"k":0,"ix":6},"o":{"a":0,"k":100,"ix":7},"sk":{"a":0,"k":0,"ix":4},"sa":{"a":0,"k":0,"ix":5},"nm":"Transform"}],"nm":"Group 3","np":2,"cix":2,"ix":3,"mn":"ADBE Vector Group","hd":false},{"ty":"gr","it":[{"ind":0,"ty":"sh","ix":1,"ks":{"a":0,"k":{"i":[[0.712,0],[1.056,5.799],[-6.521,1.185],[0,0],[-1.189,-6.526],[6.521,-1.184],[0,0]],"o":[[-5.692,0],[-1.188,-6.53],[0,0],[6.553,-1.193],[1.188,6.53],[0,0],[-0.727,0.133]],"v":[[-24.456,16.955],[-36.257,7.09],[-26.591,-6.876],[22.29,-15.762],[36.257,-6.098],[26.591,7.868],[-22.29,16.757]],"c":true},"ix":2},"nm":"Path 1","mn":"ADBE Vector Shape - Group","hd":false},{"ty":"fl","c":{"a":0,"k":[0.219999994016,0.541000007181,0.984000052658,1],"ix":4},"o":{"a":0,"k":100,"ix":5},"r":1,"nm":"Fill 1","mn":"ADBE Vector Graphic - Fill","hd":false},{"ty":"tr","p":{"a":0,"k":[334.158,157.539],"ix":2},"a":{"a":0,"k":[0,0],"ix":1},"s":{"a":0,"k":[100,100],"ix":3},"r":{"a":0,"k":0,"ix":6},"o":{"a":0,"k":100,"ix":7},"sk":{"a":0,"k":0,"ix":4},"sa":{"a":0,"k":0,"ix":5},"nm":"Transform"}],"nm":"Group 4","np":2,"cix":2,"ix":4,"mn":"ADBE Vector Group","hd":false},{"ty":"gr","it":[{"ind":0,"ty":"sh","ix":1,"ks":{"a":0,"k":{"i":[[3.706,0],[2.134,1.556],[-3.909,5.36],[0,23.037],[8.954,15.952],[-0.899,3.093],[4.082,6.06],[3.48,0.117],[14.083,-18.111],[4.512,1.008],[25.243,-5.681],[2.862,3.706],[17.298,-0.528],[2.487,-3.691],[-10.822,-36.381],[1.517,-2.8],[1.424,-15.459],[6.702,0.621],[-0.602,6.609],[-6.865,14.076],[-13.919,20.676],[-17.923,0.57],[-18.431,-19.522],[-24.554,-4.395],[-24.272,-0.856],[-4.419,-6.564],[4.426,-16.653],[0,-23.428],[13.809,-18.948]],"o":[[-2.456,0],[-5.357,-3.906],[10.745,-14.752],[0,-21.165],[-1.572,-2.807],[10.385,-35.764],[-2.471,-3.671],[-17.336,-0.657],[-2.846,3.648],[-25.344,-5.537],[-4.589,1.009],[-13.997,-18.182],[-3.511,0.113],[-4.199,6.237],[0.907,3.05],[-6.655,12.316],[-0.61,6.604],[-6.607,-0.61],[1.564,-16.913],[-4.347,-16.144],[4.434,-6.592],[24.765,-0.767],[24.499,-4.527],[18.486,-19.463],[17.837,0.614],[13.716,20.375],[9.407,18.556],[0,28.224],[-2.346,3.225]],"v":[[125.062,121.417],[117.992,119.115],[115.364,102.334],[131.559,45.387],[118.07,-10.548],[117.014,-19.777],[124.005,-92.011],[111.846,-96.55],[52.627,-67.493],[40.576,-63.132],[-40.101,-62.907],[-52.26,-67.296],[-111.55,-96.554],[-123.803,-92.011],[-116.39,-18.35],[-117.336,-9.212],[-129.511,32.648],[-142.579,43.506],[-153.44,30.442],[-140.74,-16.218],[-143.727,-105.426],[-112.316,-120.564],[-38.239,-87.808],[38.63,-88.007],[112.666,-120.561],[143.93,-105.426],[141.404,-17.844],[155.583,45.387],[134.773,116.48]],"c":true},"ix":2},"nm":"Path 1","mn":"ADBE Vector Shape - Group","hd":false},{"ty":"fl","c":{"a":0,"k":[0.219999994016,0.541000007181,0.984000052658,1],"ix":4},"o":{"a":0,"k":100,"ix":5},"r":1,"nm":"Fill 1","mn":"ADBE Vector Graphic - Fill","hd":false},{"ty":"tr","p":{"a":0,"k":[157.896,121.668],"ix":2},"a":{"a":0,"k":[0,0],"ix":1},"s":{"a":0,"k":[100,100],"ix":3},"r":{"a":0,"k":0,"ix":6},"o":{"a":0,"k":100,"ix":7},"sk":{"a":0,"k":0,"ix":4},"sa":{"a":0,"k":0,"ix":5},"nm":"Transform"}],"nm":"Group 5","np":2,"cix":2,"ix":5,"mn":"ADBE Vector Group","hd":false}],"ip":49,"op":52,"st":-25,"bm":0},{"ddd":0,"ind":3,"ty":4,"nm":"cat-2-blink","sr":1,"ks":{"o":{"a":0,"k":100,"ix":11},"r":{"a":0,"k":0,"ix":10},"p":{"a":0,"k":[834.968,591.77,0],"ix":2},"a":{"a":0,"k":[157.904,92.766,0],"ix":1},"s":{"a":0,"k":[100,100,100],"ix":6}},"ao":0,"shapes":[{"ty":"gr","it":[{"ind":0,"ty":"sh","ix":1,"ks":{"a":0,"k":{"i":[[6.42,0],[0.157,0.004],[-0.258,6.631],[0,1.939],[8.954,15.952],[-0.9,3.092],[4.082,6.064],[3.479,0.117],[14.083,-18.111],[4.513,1.001],[25.243,-5.685],[2.863,3.703],[17.297,-0.591],[2.487,-3.691],[-10.822,-36.382],[1.501,-2.795],[0.908,-1.967],[6.005,2.76],[-2.776,6.029],[-0.438,0.892],[-13.919,20.675],[-17.923,0.571],[-18.431,-19.526],[-24.555,-4.39],[-24.272,-0.896],[-4.419,-6.565],[4.434,-16.652],[0,-23.428],[0.086,-2.178]],"o":[[-0.156,0],[-6.632,-0.259],[0.071,-1.873],[0,-21.165],[-1.571,-2.812],[10.392,-35.756],[-2.472,-3.672],[-17.336,-0.654],[-2.847,3.651],[-25.32,-5.536],[-4.59,1.017],[-13.997,-18.181],[-3.511,0.113],[-4.199,6.236],[0.908,3.042],[-1.009,1.876],[-2.768,6.022],[-6.022,-2.772],[0.414,-0.907],[-4.356,-16.14],[4.434,-6.592],[24.765,-0.684],[24.5,-4.524],[18.493,-19.463],[17.837,0.614],[13.731,20.39],[9.408,18.561],[0,2.251],[-0.251,6.467]],"v":[[143.453,92.516],[142.984,92.508],[131.442,80.039],[131.552,74.327],[118.062,18.392],[117.007,9.165],[123.998,-63.07],[111.838,-67.609],[52.619,-38.551],[40.568,-34.192],[-40.108,-33.965],[-52.268,-38.356],[-111.557,-67.613],[-123.811,-63.07],[-116.398,10.592],[-117.328,19.702],[-120.206,25.469],[-136.134,31.361],[-142.023,15.428],[-140.74,12.727],[-143.735,-76.485],[-112.323,-91.624],[-38.247,-58.867],[38.622,-59.067],[112.659,-91.62],[143.923,-76.485],[141.396,11.096],[155.574,74.327],[155.449,80.97]],"c":true},"ix":2},"nm":"Path 1","mn":"ADBE Vector Shape - Group","hd":false},{"ty":"fl","c":{"a":0,"k":[0.219999994016,0.541000007181,0.984000052658,1],"ix":4},"o":{"a":0,"k":100,"ix":5},"r":1,"nm":"Fill 1","mn":"ADBE Vector Graphic - Fill","hd":false},{"ty":"tr","p":{"a":0,"k":[157.904,92.766],"ix":2},"a":{"a":0,"k":[0,0],"ix":1},"s":{"a":0,"k":[100,100],"ix":3},"r":{"a":0,"k":0,"ix":6},"o":{"a":0,"k":100,"ix":7},"sk":{"a":0,"k":0,"ix":4},"sa":{"a":0,"k":0,"ix":5},"nm":"Transform"}],"nm":"Group 1","np":2,"cix":2,"ix":1,"mn":"ADBE Vector Group","hd":false}],"ip":37,"op":49,"st":-11,"bm":0},{"ddd":0,"ind":4,"ty":4,"nm":"cat-2","sr":1,"ks":{"o":{"a":1,"k":[{"i":{"x":[0.51],"y":[1]},"o":{"x":[0.333],"y":[0]},"n":["0p51_1_0p333_0"],"t":37,"s":[100],"e":[100]},{"i":{"x":[0.51],"y":[1]},"o":{"x":[0.88],"y":[0]},"n":["0p51_1_0p88_0"],"t":39,"s":[100],"e":[0]},{"i":{"x":[0.51],"y":[1]},"o":{"x":[0.88],"y":[0]},"n":["0p51_1_0p88_0"],"t":40,"s":[0],"e":[100]},{"i":{"x":[0.667],"y":[1]},"o":{"x":[0.88],"y":[0]},"n":["0p667_1_0p88_0"],"t":41,"s":[100],"e":[0]},{"i":{"x":[0.51],"y":[1]},"o":{"x":[0.167],"y":[0]},"n":["0p51_1_0p167_0"],"t":42,"s":[0],"e":[100]},{"t":43}],"ix":11},"r":{"a":0,"k":0,"ix":10},"p":{"a":0,"k":[834.968,591.77,0],"ix":2},"a":{"a":0,"k":[157.904,92.766,0],"ix":1},"s":{"a":0,"k":[100,100,100],"ix":6}},"ao":0,"shapes":[{"ty":"gr","it":[{"ind":0,"ty":"sh","ix":1,"ks":{"a":0,"k":{"i":[[6.631,0],[0,6.635],[0,0],[-6.632,0],[0,-6.635],[0,0]],"o":[[-6.632,0],[0,0],[0,-6.635],[6.631,0],[0,0],[0,6.635]],"v":[[0.001,22.724],[-12.012,10.713],[-12.012,-10.713],[0.001,-22.724],[12.012,-10.713],[12.012,10.713]],"c":true},"ix":2},"nm":"Path 1","mn":"ADBE Vector Shape - Group","hd":false},{"ty":"fl","c":{"a":0,"k":[0.219999994016,0.541000007181,0.984000052658,1],"ix":4},"o":{"a":0,"k":100,"ix":5},"r":1,"nm":"Fill 1","mn":"ADBE Vector Graphic - Fill","hd":false},{"ty":"tr","p":{"a":0,"k":[233.622,135.939],"ix":2},"a":{"a":0,"k":[0,0],"ix":1},"s":{"a":0,"k":[100,100],"ix":3},"r":{"a":0,"k":0,"ix":6},"o":{"a":0,"k":100,"ix":7},"sk":{"a":0,"k":0,"ix":4},"sa":{"a":0,"k":0,"ix":5},"nm":"Transform"}],"nm":"Group 1","np":2,"cix":2,"ix":1,"mn":"ADBE Vector Group","hd":false},{"ty":"gr","it":[{"ind":0,"ty":"sh","ix":1,"ks":{"a":0,"k":{"i":[[6.631,0],[0,6.635],[0,0],[-6.631,0],[0,-6.635],[0,0]],"o":[[-6.631,0],[0,0],[0,-6.635],[6.631,0],[0,0],[0,6.635]],"v":[[0,22.724],[-12.011,10.713],[-12.011,-10.713],[0,-22.724],[12.011,-10.713],[12.011,10.713]],"c":true},"ix":2},"nm":"Path 1","mn":"ADBE Vector Shape - Group","hd":false},{"ty":"fl","c":{"a":0,"k":[0.219999994016,0.541000007181,0.984000052658,1],"ix":4},"o":{"a":0,"k":100,"ix":5},"r":1,"nm":"Fill 1","mn":"ADBE Vector Graphic - Fill","hd":false},{"ty":"tr","p":{"a":0,"k":[90.787,135.939],"ix":2},"a":{"a":0,"k":[0,0],"ix":1},"s":{"a":0,"k":[100,100],"ix":3},"r":{"a":0,"k":0,"ix":6},"o":{"a":0,"k":100,"ix":7},"sk":{"a":0,"k":0,"ix":4},"sa":{"a":0,"k":0,"ix":5},"nm":"Transform"}],"nm":"Group 2","np":2,"cix":2,"ix":2,"mn":"ADBE Vector Group","hd":false},{"ty":"gr","it":[{"ind":0,"ty":"sh","ix":1,"ks":{"a":0,"k":{"i":[[6.42,0],[0.157,0.004],[-0.258,6.631],[0,1.939],[8.954,15.952],[-0.9,3.092],[4.082,6.064],[3.479,0.117],[14.083,-18.111],[4.513,1.001],[25.243,-5.685],[2.863,3.703],[17.297,-0.591],[2.487,-3.691],[-10.822,-36.382],[1.501,-2.795],[0.908,-1.967],[6.005,2.76],[-2.776,6.029],[-0.438,0.892],[-13.919,20.675],[-17.923,0.571],[-18.431,-19.526],[-24.555,-4.39],[-24.272,-0.896],[-4.419,-6.565],[4.434,-16.652],[0,-23.428],[0.086,-2.178]],"o":[[-0.156,0],[-6.632,-0.259],[0.071,-1.873],[0,-21.165],[-1.571,-2.812],[10.392,-35.756],[-2.472,-3.672],[-17.336,-0.654],[-2.847,3.651],[-25.32,-5.536],[-4.59,1.017],[-13.997,-18.181],[-3.511,0.113],[-4.199,6.236],[0.908,3.042],[-1.009,1.876],[-2.768,6.022],[-6.022,-2.772],[0.414,-0.907],[-4.356,-16.14],[4.434,-6.592],[24.765,-0.684],[24.5,-4.524],[18.493,-19.463],[17.837,0.614],[13.731,20.39],[9.408,18.561],[0,2.251],[-0.251,6.467]],"v":[[143.453,92.516],[142.984,92.508],[131.442,80.039],[131.552,74.327],[118.062,18.392],[117.007,9.165],[123.998,-63.07],[111.838,-67.609],[52.619,-38.551],[40.568,-34.192],[-40.108,-33.965],[-52.268,-38.356],[-111.557,-67.613],[-123.811,-63.07],[-116.398,10.592],[-117.328,19.702],[-120.206,25.469],[-136.134,31.361],[-142.023,15.428],[-140.74,12.727],[-143.735,-76.485],[-112.323,-91.624],[-38.247,-58.867],[38.622,-59.067],[112.659,-91.62],[143.923,-76.485],[141.396,11.096],[155.574,74.327],[155.449,80.97]],"c":true},"ix":2},"nm":"Path 1","mn":"ADBE Vector Shape - Group","hd":false},{"ty":"fl","c":{"a":0,"k":[0.219999994016,0.541000007181,0.984000052658,1],"ix":4},"o":{"a":0,"k":100,"ix":5},"r":1,"nm":"Fill 1","mn":"ADBE Vector Graphic - Fill","hd":false},{"ty":"tr","p":{"a":0,"k":[157.904,92.766],"ix":2},"a":{"a":0,"k":[0,0],"ix":1},"s":{"a":0,"k":[100,100],"ix":3},"r":{"a":0,"k":0,"ix":6},"o":{"a":0,"k":100,"ix":7},"sk":{"a":0,"k":0,"ix":4},"sa":{"a":0,"k":0,"ix":5},"nm":"Transform"}],"nm":"Group 3","np":2,"cix":2,"ix":3,"mn":"ADBE Vector Group","hd":false}],"ip":37,"op":49,"st":-11,"bm":0},{"ddd":0,"ind":5,"ty":4,"nm":"cat-1","sr":1,"ks":{"o":{"a":0,"k":100,"ix":11},"r":{"a":0,"k":0,"ix":10},"p":{"a":0,"k":[838.17,619.833,0],"ix":2},"a":{"a":0,"k":[154.702,64.706,0],"ix":1},"s":{"a":0,"k":[100,100,100],"ix":6}},"ao":0,"shapes":[{"ty":"gr","it":[{"ind":0,"ty":"sh","ix":1,"ks":{"a":0,"k":{"i":[[1.517,0],[1.908,4.64],[1.916,3.418],[-0.9,3.093],[4.082,6.064],[3.479,0.118],[14.083,-18.11],[4.513,0.997],[25.242,-5.693],[2.862,3.703],[17.297,-0.629],[2.487,-3.691],[-1.767,-20.847],[6.607,-0.558],[0.555,6.612],[-5.607,8.332],[-17.922,0.571],[-18.431,-19.526],[-24.555,-4.395],[-24.273,-0.825],[-4.419,-6.565],[4.434,-16.648],[-1.22,-2.972],[6.13,-2.519]],"o":[[-4.731,0],[-1.493,-3.637],[-1.571,-2.807],[10.392,-35.756],[-2.472,-3.671],[-17.336,-0.598],[-2.847,3.653],[-25.32,-5.536],[-4.59,1.021],[-13.997,-18.177],[-3.511,0.114],[-0.14,0.215],[0.563,6.611],[-6.507,0.498],[-1.689,-19.862],[4.434,-6.592],[24.766,-0.684],[24.5,-4.528],[18.493,-19.464],[17.837,0.614],[13.731,20.39],[1.455,2.874],[2.517,6.139],[-1.495,0.613]],"v":[[131.118,64.456],[119.998,57.008],[114.86,46.377],[113.805,37.154],[120.796,-35.081],[108.636,-39.622],[49.417,-10.563],[37.366,-6.203],[-43.31,-5.977],[-55.47,-10.367],[-114.759,-39.625],[-127.013,-35.081],[-128.835,-8.631],[-139.782,4.353],[-152.763,-6.599],[-146.938,-48.497],[-115.526,-63.635],[-41.449,-30.878],[35.42,-31.078],[109.457,-63.631],[140.721,-48.497],[138.194,39.089],[142.222,47.875],[135.677,63.549]],"c":true},"ix":2},"nm":"Path 1","mn":"ADBE Vector Shape - Group","hd":false},{"ty":"fl","c":{"a":0,"k":[0.219999994016,0.541000007181,0.984000052658,1],"ix":4},"o":{"a":0,"k":100,"ix":5},"r":1,"nm":"Fill 1","mn":"ADBE Vector Graphic - Fill","hd":false},{"ty":"tr","p":{"a":0,"k":[154.702,64.706],"ix":2},"a":{"a":0,"k":[0,0],"ix":1},"s":{"a":0,"k":[100,100],"ix":3},"r":{"a":0,"k":0,"ix":6},"o":{"a":0,"k":100,"ix":7},"sk":{"a":0,"k":0,"ix":4},"sa":{"a":0,"k":0,"ix":5},"nm":"Transform"}],"nm":"Group 1","np":2,"cix":2,"ix":1,"mn":"ADBE Vector Group","hd":false}],"ip":28,"op":37,"st":-7,"bm":0},{"ddd":0,"ind":6,"ty":4,"nm":"tree","sr":1,"ks":{"o":{"a":1,"k":[{"i":{"x":[0.553],"y":[1]},"o":{"x":[0.455],"y":[0]},"n":["0p553_1_0p455_0"],"t":24,"s":[100],"e":[100]},{"i":{"x":[0.553],"y":[1]},"o":{"x":[0.941],"y":[0]},"n":["0p553_1_0p941_0"],"t":26,"s":[100],"e":[0]},{"i":{"x":[0.098],"y":[1]},"o":{"x":[0.941],"y":[0]},"n":["0p098_1_0p941_0"],"t":27,"s":[0],"e":[100]},{"i":{"x":[0.553],"y":[1]},"o":{"x":[0.167],"y":[0]},"n":["0p553_1_0p167_0"],"t":28,"s":[100],"e":[0]},{"i":{"x":[0.098],"y":[1]},"o":{"x":[0.941],"y":[0]},"n":["0p098_1_0p941_0"],"t":29,"s":[0],"e":[100]},{"t":30}],"ix":11},"r":{"a":0,"k":0,"ix":10},"p":{"a":0,"k":[467.668,475.981,0],"ix":2},"a":{"a":0,"k":[96.265,116.267,0],"ix":1},"s":{"a":0,"k":[100,100,100],"ix":6}},"ao":0,"shapes":[{"ty":"gr","it":[{"ind":0,"ty":"sh","ix":1,"ks":{"a":0,"k":{"i":[[11.029,0],[0,11.029],[-11.029,0],[0,-11.029]],"o":[[-11.029,0],[0,-11.029],[11.029,0],[0,11.029]],"v":[[52.008,-52.008],[32.005,-72.011],[52.008,-92.014],[72.011,-72.011]],"c":true},"ix":2},"nm":"Path 1","mn":"ADBE Vector Shape - Group","hd":false},{"ind":1,"ty":"sh","ix":2,"ks":{"a":0,"k":{"i":[[0,11.029],[-11.029,0],[0,-11.028],[11.029,0]],"o":[[0,-11.028],[11.029,0],[0,11.029],[-11.029,0]],"v":[[-72.011,-16.003],[-52.008,-36.006],[-32.005,-16.003],[-52.008,4.001]],"c":true},"ix":2},"nm":"Path 2","mn":"ADBE Vector Shape - Group","hd":false},{"ind":2,"ty":"sh","ix":3,"ks":{"a":0,"k":{"i":[[0,20.101],[24.266,0],[0,-24.266],[-18.443,-5.242],[0,0],[9.638,5.213],[0.407,19.293],[0,20.066],[24.266,0],[0,-24.265],[-18.471,-5.224],[-17.489,-9.458],[-45.41,-0.016],[0,0],[-6.63,0],[0,6.63],[0,0]],"o":[[0,-24.266],[-24.266,0],[0,20.101],[0,0],[-38.748,-0.047],[-5.282,-2.857],[18.394,-5.273],[0,-24.265],[-24.265,0],[0,20.12],[0.316,21.638],[14.798,8.009],[0,0],[0,6.63],[6.63,0],[0,0],[18.443,-5.242]],"v":[[96.015,-72.011],[52.008,-116.017],[8.001,-72.011],[40.006,-29.71],[40.006,59.999],[-32.384,54.462],[-39.909,26.273],[-8.001,-16.003],[-52.008,-60.009],[-96.015,-16.003],[-63.956,26.312],[-43.804,75.574],[40.006,84.012],[40.006,104.017],[52.008,116.017],[64.01,104.017],[64.01,-29.71]],"c":true},"ix":2},"nm":"Path 3","mn":"ADBE Vector Shape - Group","hd":false},{"ty":"mm","mm":1,"nm":"Merge Paths 1","mn":"ADBE Vector Filter - Merge","hd":false},{"ty":"fl","c":{"a":0,"k":[0.246999987434,0.725,0.313999998803,1],"ix":4},"o":{"a":0,"k":100,"ix":5},"r":1,"nm":"Fill 1","mn":"ADBE Vector Graphic - Fill","hd":false},{"ty":"tr","p":{"a":0,"k":[96.265,116.268],"ix":2},"a":{"a":0,"k":[0,0],"ix":1},"s":{"a":0,"k":[100,100],"ix":3},"r":{"a":0,"k":0,"ix":6},"o":{"a":0,"k":100,"ix":7},"sk":{"a":0,"k":0,"ix":4},"sa":{"a":0,"k":0,"ix":5},"nm":"Transform"}],"nm":"Group 1","np":5,"cix":2,"ix":1,"mn":"ADBE Vector Group","hd":false}],"ip":24,"op":185,"st":-7,"bm":0},{"ddd":0,"ind":7,"ty":4,"nm":"house","sr":1,"ks":{"o":{"a":0,"k":100,"ix":11},"r":{"a":0,"k":0,"ix":10},"p":{"a":0,"k":[558.979,724.019,0],"ix":2},"a":{"a":0,"k":[155.48,116.268,0],"ix":1},"s":{"a":0,"k":[100,100,100],"ix":6}},"ao":0,"shapes":[{"ty":"gr","it":[{"ind":0,"ty":"sh","ix":1,"ks":{"a":0,"k":{"i":[[6.63,0],[0,0],[0,6.626],[-6.63,0],[0,0],[0,-6.626]],"o":[[0,0],[-6.63,0],[0,-6.626],[0,0],[6.63,0],[0,6.626]],"v":[[12.002,12.002],[-12.002,12.002],[-24.003,0],[-12.002,-12.002],[12.002,-12.002],[24.003,0]],"c":true},"ix":2},"nm":"Path 1","mn":"ADBE Vector Shape - Group","hd":false},{"ty":"fl","c":{"a":0,"k":[0.532999973671,0.344999994016,0.894000004787,1],"ix":4},"o":{"a":0,"k":100,"ix":5},"r":1,"nm":"Fill 1","mn":"ADBE Vector Graphic - Fill","hd":false},{"ty":"tr","p":{"a":0,"k":[200.28,204.281],"ix":2},"a":{"a":0,"k":[0,0],"ix":1},"s":{"a":0,"k":[100,100],"ix":3},"r":{"a":0,"k":0,"ix":6},"o":{"a":0,"k":100,"ix":7},"sk":{"a":0,"k":0,"ix":4},"sa":{"a":0,"k":0,"ix":5},"nm":"Transform"}],"nm":"Group 1","np":2,"cix":2,"ix":1,"mn":"ADBE Vector Group","hd":false},{"ty":"gr","it":[{"ind":0,"ty":"sh","ix":1,"ks":{"a":0,"k":{"i":[[6.63,0],[0,0],[0,6.626],[-6.63,0],[0,0],[0,-6.627]],"o":[[0,0],[-6.63,0],[0,-6.627],[0,0],[6.63,0],[0,6.626]],"v":[[20.003,12.001],[-20.003,12.001],[-32.005,0.001],[-20.003,-12.001],[20.003,-12.001],[32.005,0.001]],"c":true},"ix":2},"nm":"Path 1","mn":"ADBE Vector Shape - Group","hd":false},{"ty":"fl","c":{"a":0,"k":[0.532999973671,0.344999994016,0.894000004787,1],"ix":4},"o":{"a":0,"k":100,"ix":5},"r":1,"nm":"Fill 1","mn":"ADBE Vector Graphic - Fill","hd":false},{"ty":"tr","p":{"a":0,"k":[208.281,148.273],"ix":2},"a":{"a":0,"k":[0,0],"ix":1},"s":{"a":0,"k":[100,100],"ix":3},"r":{"a":0,"k":0,"ix":6},"o":{"a":0,"k":100,"ix":7},"sk":{"a":0,"k":0,"ix":4},"sa":{"a":0,"k":0,"ix":5},"nm":"Transform"}],"nm":"Group 2","np":2,"cix":2,"ix":2,"mn":"ADBE Vector Group","hd":false},{"ty":"gr","it":[{"ind":0,"ty":"sh","ix":1,"ks":{"a":0,"k":{"i":[[6.63,0],[0,6.626],[0,0],[-94.855,0],[-32.673,-37.004],[-1.708,-2.133],[5.173,-4.15],[4.138,5.18],[1.555,1.766],[42.44,0],[0,-81.622],[0,0]],"o":[[-6.63,0],[0,0],[0,-94.858],[49.32,0],[1.813,2.064],[4.145,5.172],[-5.176,4.149],[-1.472,-1.837],[-28.11,-31.833],[-81.622,0],[0,0],[0,6.626]],"v":[[-143.229,116.018],[-155.23,104.016],[-155.23,56.008],[16.795,-116.018],[145.811,-57.791],[151.086,-51.508],[149.225,-34.638],[132.355,-36.505],[127.808,-41.913],[16.795,-92.014],[-131.227,56.008],[-131.227,104.016]],"c":true},"ix":2},"nm":"Path 1","mn":"ADBE Vector Shape - Group","hd":false},{"ty":"fl","c":{"a":0,"k":[0.532999973671,0.344999994016,0.894000004787,1],"ix":4},"o":{"a":0,"k":100,"ix":5},"r":1,"nm":"Fill 1","mn":"ADBE Vector Graphic - Fill","hd":false},{"ty":"tr","p":{"a":0,"k":[155.48,116.268],"ix":2},"a":{"a":0,"k":[0,0],"ix":1},"s":{"a":0,"k":[100,100],"ix":3},"r":{"a":0,"k":0,"ix":6},"o":{"a":0,"k":100,"ix":7},"sk":{"a":0,"k":0,"ix":4},"sa":{"a":0,"k":0,"ix":5},"nm":"Transform"}],"nm":"Group 3","np":2,"cix":2,"ix":3,"mn":"ADBE Vector Group","hd":false}],"ip":20,"op":192,"st":0,"bm":0},{"ddd":0,"ind":8,"ty":4,"nm":"ball","sr":1,"ks":{"o":{"a":0,"k":100,"ix":11},"r":{"a":0,"k":0,"ix":10},"p":{"a":0,"k":[783.716,768.026,0],"ix":2},"a":{"a":0,"k":[124.269,72.261,0],"ix":1},"s":{"a":0,"k":[100,100,100],"ix":6}},"ao":0,"shapes":[{"ty":"gr","it":[{"ind":0,"ty":"sh","ix":1,"ks":{"a":0,"k":{"i":[[6.626,0],[0,6.626],[0,0],[55.149,0],[0,-55.149],[0,0],[6.63,0],[0,6.626],[0,0],[-68.385,0],[0,-68.386],[0,0]],"o":[[-6.626,0],[0,0],[0,-55.149],[-55.149,0],[0,0],[0,6.626],[-6.63,0],[0,0],[0,-68.386],[68.385,0],[0,0],[0,6.626]],"v":[[112.017,72.011],[100.015,60.009],[100.015,52.008],[0,-48.008],[-100.015,52.008],[-100.015,60.009],[-112.017,72.011],[-124.019,60.009],[-124.019,52.008],[0,-72.011],[124.019,52.008],[124.019,60.009]],"c":true},"ix":2},"nm":"Path 1","mn":"ADBE Vector Shape - Group","hd":false},{"ty":"fl","c":{"a":0,"k":[0.851000019148,0.211999990426,0.2,1],"ix":4},"o":{"a":0,"k":100,"ix":5},"r":1,"nm":"Fill 1","mn":"ADBE Vector Graphic - Fill","hd":false},{"ty":"tr","p":{"a":0,"k":[124.269,72.261],"ix":2},"a":{"a":0,"k":[0,0],"ix":1},"s":{"a":0,"k":[100,100],"ix":3},"r":{"a":0,"k":0,"ix":6},"o":{"a":0,"k":100,"ix":7},"sk":{"a":0,"k":0,"ix":4},"sa":{"a":0,"k":0,"ix":5},"nm":"Transform"}],"nm":"Group 1","np":2,"cix":2,"ix":1,"mn":"ADBE Vector Group","hd":false}],"ip":16,"op":192,"st":0,"bm":0},{"ddd":0,"ind":9,"ty":4,"nm":"bush","sr":1,"ks":{"o":{"a":0,"k":100,"ix":11},"r":{"a":0,"k":0,"ix":10},"p":{"a":0,"k":[1069.913,770.679,0],"ix":2},"a":{"a":0,"k":[147.738,69.608,0],"ix":1},"s":{"a":0,"k":[100,100,100],"ix":6}},"ao":0,"shapes":[{"ty":"gr","it":[{"ind":0,"ty":"sh","ix":1,"ks":{"a":0,"k":{"i":[[0.766,0],[1.125,5.719],[3.29,0.718],[7.174,-10.01],[5.368,3.688],[-3.578,5.461],[4.594,15.48],[8.673,3.797],[8.165,-4.306],[3.548,-18.378],[6.469,1.149],[-1.023,6.469],[13.581,12.423],[9.79,-2.446],[4.492,-8.954],[-8.407,-20.12],[6.017,-2.618],[2.695,5.97],[12.885,3.476],[-1.727,6.399],[-6.431,-1.734],[-2.899,-1.203],[-5.384,10.752],[-18.901,4.743],[-13.08,-11.962],[-4.314,-11.635],[-10.267,5.391],[-16.238,-7.111],[-4.172,-14.049],[3.603,-12.12],[-6.54,-1.429],[-3.133,-15.963],[6.501,-1.274]],"o":[[-5.618,0],[-1.899,-9.658],[-10.087,-2.196],[-3.804,5.306],[-5.384,-3.696],[9.58,-14.612],[-2.165,-7.266],[-9.618,-4.212],[-16.558,8.696],[-1.234,6.439],[-6.454,-1.133],[2.611,-16.574],[-7.032,-6.439],[-12.26,3.071],[-6.36,12.689],[2.533,6.048],[-6.055,2.617],[-1.478,-2.54],[-6.399,-1.728],[1.727,-6.399],[3.07,0.828],[-1.219,-14.127],[7.595,-15.143],[17.674,-4.446],[8.572,7.838],[6.961,-10.204],[14.642,-7.689],[15.111,6.618],[3.822,12.861],[6.337,-0.805],[18.16,3.947],[1.282,6.509],[-0.781,0.157]],"v":[[134.416,69.358],[122.656,59.669],[106.583,46.207],[75.906,56.271],[59.365,59.169],[56.114,42.69],[70.647,-9.952],[54.552,-26.391],[28.126,-26.258],[-3.341,24.555],[-17.193,34.103],[-26.978,20.414],[-44.511,-35.704],[-69.49,-41.628],[-94.377,-23.758],[-91.104,28.641],[-97.386,44.268],[-113.106,38.212],[-137.298,23.492],[-145.76,8.779],[-131.047,0.316],[-122.069,3.395],[-115.834,-34.517],[-75.335,-64.913],[-28.313,-53.418],[-8.982,-23.141],[16.968,-47.504],[64.178,-48.379],[93.651,-16.788],[92.205,21.875],[111.693,22.757],[146.205,55.044],[136.743,69.132]],"c":true},"ix":2},"nm":"Path 1","mn":"ADBE Vector Shape - Group","hd":false},{"ty":"fl","c":{"a":0,"k":[0.936999990426,0.528999956916,0.243000000598,1],"ix":4},"o":{"a":0,"k":100,"ix":5},"r":1,"nm":"Fill 1","mn":"ADBE Vector Graphic - Fill","hd":false},{"ty":"tr","p":{"a":0,"k":[147.737,69.609],"ix":2},"a":{"a":0,"k":[0,0],"ix":1},"s":{"a":0,"k":[100,100],"ix":3},"r":{"a":0,"k":0,"ix":6},"o":{"a":0,"k":100,"ix":7},"sk":{"a":0,"k":0,"ix":4},"sa":{"a":0,"k":0,"ix":5},"nm":"Transform"}],"nm":"Group 1","np":2,"cix":2,"ix":1,"mn":"ADBE Vector Group","hd":false}],"ip":12,"op":192,"st":0,"bm":0},{"ddd":0,"ind":10,"ty":4,"nm":"cat-1-gray","sr":1,"ks":{"o":{"a":0,"k":100,"ix":11},"r":{"a":0,"k":0,"ix":10},"p":{"a":0,"k":[838.17,619.833,0],"ix":2},"a":{"a":0,"k":[154.702,64.706,0],"ix":1},"s":{"a":0,"k":[100,100,100],"ix":6}},"ao":0,"shapes":[{"ty":"gr","it":[{"ind":0,"ty":"sh","ix":1,"ks":{"a":0,"k":{"i":[[1.517,0],[1.908,4.64],[1.916,3.418],[-0.9,3.093],[4.082,6.064],[3.479,0.118],[14.083,-18.11],[4.513,0.997],[25.242,-5.693],[2.862,3.703],[17.297,-0.629],[2.487,-3.691],[-1.767,-20.847],[6.607,-0.558],[0.555,6.612],[-5.607,8.332],[-17.922,0.571],[-18.431,-19.526],[-24.555,-4.395],[-24.273,-0.825],[-4.419,-6.565],[4.434,-16.648],[-1.22,-2.972],[6.13,-2.519]],"o":[[-4.731,0],[-1.493,-3.637],[-1.571,-2.807],[10.392,-35.756],[-2.472,-3.671],[-17.336,-0.598],[-2.847,3.653],[-25.32,-5.536],[-4.59,1.021],[-13.997,-18.177],[-3.511,0.114],[-0.14,0.215],[0.563,6.611],[-6.507,0.498],[-1.689,-19.862],[4.434,-6.592],[24.766,-0.684],[24.5,-4.528],[18.493,-19.464],[17.837,0.614],[13.731,20.39],[1.455,2.874],[2.517,6.139],[-1.495,0.613]],"v":[[131.118,64.456],[119.998,57.008],[114.86,46.377],[113.805,37.154],[120.796,-35.081],[108.636,-39.622],[49.417,-10.563],[37.366,-6.203],[-43.31,-5.977],[-55.47,-10.367],[-114.759,-39.625],[-127.013,-35.081],[-128.835,-8.631],[-139.782,4.353],[-152.763,-6.599],[-146.938,-48.497],[-115.526,-63.635],[-41.449,-30.878],[35.42,-31.078],[109.457,-63.631],[140.721,-48.497],[138.194,39.089],[142.222,47.875],[135.677,63.549]],"c":true},"ix":2},"nm":"Path 1","mn":"ADBE Vector Shape - Group","hd":false},{"ty":"fl","c":{"a":0,"k":[0.19199999641,0.20800000359,0.226999993418,1],"ix":4},"o":{"a":0,"k":100,"ix":5},"r":1,"nm":"Fill 1","mn":"ADBE Vector Graphic - Fill","hd":false},{"ty":"tr","p":{"a":0,"k":[154.702,64.706],"ix":2},"a":{"a":0,"k":[0,0],"ix":1},"s":{"a":0,"k":[100,100],"ix":3},"r":{"a":0,"k":0,"ix":6},"o":{"a":0,"k":100,"ix":7},"sk":{"a":0,"k":0,"ix":4},"sa":{"a":0,"k":0,"ix":5},"nm":"Transform"}],"nm":"Group 1","np":2,"cix":2,"ix":1,"mn":"ADBE Vector Group","hd":false}],"ip":0,"op":37,"st":0,"bm":0},{"ddd":0,"ind":11,"ty":4,"nm":"tree-gray","sr":1,"ks":{"o":{"a":0,"k":100,"ix":11},"r":{"a":0,"k":0,"ix":10},"p":{"a":0,"k":[467.668,475.981,0],"ix":2},"a":{"a":0,"k":[96.265,116.267,0],"ix":1},"s":{"a":0,"k":[100,100,100],"ix":6}},"ao":0,"shapes":[{"ty":"gr","it":[{"ind":0,"ty":"sh","ix":1,"ks":{"a":0,"k":{"i":[[11.029,0],[0,11.029],[-11.029,0],[0,-11.029]],"o":[[-11.029,0],[0,-11.029],[11.029,0],[0,11.029]],"v":[[52.008,-52.008],[32.005,-72.011],[52.008,-92.014],[72.011,-72.011]],"c":true},"ix":2},"nm":"Path 1","mn":"ADBE Vector Shape - Group","hd":false},{"ind":1,"ty":"sh","ix":2,"ks":{"a":0,"k":{"i":[[0,11.029],[-11.029,0],[0,-11.028],[11.029,0]],"o":[[0,-11.028],[11.029,0],[0,11.029],[-11.029,0]],"v":[[-72.011,-16.003],[-52.008,-36.006],[-32.005,-16.003],[-52.008,4.001]],"c":true},"ix":2},"nm":"Path 2","mn":"ADBE Vector Shape - Group","hd":false},{"ind":2,"ty":"sh","ix":3,"ks":{"a":0,"k":{"i":[[0,20.101],[24.266,0],[0,-24.266],[-18.443,-5.242],[0,0],[9.638,5.213],[0.407,19.293],[0,20.066],[24.266,0],[0,-24.265],[-18.471,-5.224],[-17.489,-9.458],[-45.41,-0.016],[0,0],[-6.63,0],[0,6.63],[0,0]],"o":[[0,-24.266],[-24.266,0],[0,20.101],[0,0],[-38.748,-0.047],[-5.282,-2.857],[18.394,-5.273],[0,-24.265],[-24.265,0],[0,20.12],[0.316,21.638],[14.798,8.009],[0,0],[0,6.63],[6.63,0],[0,0],[18.443,-5.242]],"v":[[96.015,-72.011],[52.008,-116.017],[8.001,-72.011],[40.006,-29.71],[40.006,59.999],[-32.384,54.462],[-39.909,26.273],[-8.001,-16.003],[-52.008,-60.009],[-96.015,-16.003],[-63.956,26.312],[-43.804,75.574],[40.006,84.012],[40.006,104.017],[52.008,116.017],[64.01,104.017],[64.01,-29.71]],"c":true},"ix":2},"nm":"Path 3","mn":"ADBE Vector Shape - Group","hd":false},{"ty":"mm","mm":1,"nm":"Merge Paths 1","mn":"ADBE Vector Filter - Merge","hd":false},{"ty":"fl","c":{"a":0,"k":[0.19199999641,0.20800000359,0.226999993418,1],"ix":4},"o":{"a":0,"k":100,"ix":5},"r":1,"nm":"Fill 1","mn":"ADBE Vector Graphic - Fill","hd":false},{"ty":"tr","p":{"a":0,"k":[96.265,116.268],"ix":2},"a":{"a":0,"k":[0,0],"ix":1},"s":{"a":0,"k":[100,100],"ix":3},"r":{"a":0,"k":0,"ix":6},"o":{"a":0,"k":100,"ix":7},"sk":{"a":0,"k":0,"ix":4},"sa":{"a":0,"k":0,"ix":5},"nm":"Transform"}],"nm":"Group 1","np":5,"cix":2,"ix":1,"mn":"ADBE Vector Group","hd":false}],"ip":0,"op":43,"st":0,"bm":0},{"ddd":0,"ind":12,"ty":4,"nm":"house-gray","sr":1,"ks":{"o":{"a":0,"k":100,"ix":11},"r":{"a":0,"k":0,"ix":10},"p":{"a":0,"k":[558.979,724.019,0],"ix":2},"a":{"a":0,"k":[155.48,116.268,0],"ix":1},"s":{"a":0,"k":[100,100,100],"ix":6}},"ao":0,"shapes":[{"ty":"gr","it":[{"ind":0,"ty":"sh","ix":1,"ks":{"a":0,"k":{"i":[[6.63,0],[0,0],[0,6.626],[-6.63,0],[0,0],[0,-6.626]],"o":[[0,0],[-6.63,0],[0,-6.626],[0,0],[6.63,0],[0,6.626]],"v":[[12.002,12.002],[-12.002,12.002],[-24.003,0],[-12.002,-12.002],[12.002,-12.002],[24.003,0]],"c":true},"ix":2},"nm":"Path 1","mn":"ADBE Vector Shape - Group","hd":false},{"ty":"fl","c":{"a":0,"k":[0.19199999641,0.20800000359,0.226999993418,1],"ix":4},"o":{"a":0,"k":100,"ix":5},"r":1,"nm":"Fill 1","mn":"ADBE Vector Graphic - Fill","hd":false},{"ty":"tr","p":{"a":0,"k":[200.28,204.281],"ix":2},"a":{"a":0,"k":[0,0],"ix":1},"s":{"a":0,"k":[100,100],"ix":3},"r":{"a":0,"k":0,"ix":6},"o":{"a":0,"k":100,"ix":7},"sk":{"a":0,"k":0,"ix":4},"sa":{"a":0,"k":0,"ix":5},"nm":"Transform"}],"nm":"Group 1","np":2,"cix":2,"ix":1,"mn":"ADBE Vector Group","hd":false},{"ty":"gr","it":[{"ind":0,"ty":"sh","ix":1,"ks":{"a":0,"k":{"i":[[6.63,0],[0,0],[0,6.626],[-6.63,0],[0,0],[0,-6.627]],"o":[[0,0],[-6.63,0],[0,-6.627],[0,0],[6.63,0],[0,6.626]],"v":[[20.003,12.001],[-20.003,12.001],[-32.005,0.001],[-20.003,-12.001],[20.003,-12.001],[32.005,0.001]],"c":true},"ix":2},"nm":"Path 1","mn":"ADBE Vector Shape - Group","hd":false},{"ty":"fl","c":{"a":0,"k":[0.19199999641,0.20800000359,0.226999993418,1],"ix":4},"o":{"a":0,"k":100,"ix":5},"r":1,"nm":"Fill 1","mn":"ADBE Vector Graphic - Fill","hd":false},{"ty":"tr","p":{"a":0,"k":[208.281,148.273],"ix":2},"a":{"a":0,"k":[0,0],"ix":1},"s":{"a":0,"k":[100,100],"ix":3},"r":{"a":0,"k":0,"ix":6},"o":{"a":0,"k":100,"ix":7},"sk":{"a":0,"k":0,"ix":4},"sa":{"a":0,"k":0,"ix":5},"nm":"Transform"}],"nm":"Group 2","np":2,"cix":2,"ix":2,"mn":"ADBE Vector Group","hd":false},{"ty":"gr","it":[{"ind":0,"ty":"sh","ix":1,"ks":{"a":0,"k":{"i":[[6.63,0],[0,6.626],[0,0],[-94.855,0],[-32.673,-37.004],[-1.708,-2.133],[5.173,-4.15],[4.138,5.18],[1.555,1.766],[42.44,0],[0,-81.622],[0,0]],"o":[[-6.63,0],[0,0],[0,-94.858],[49.32,0],[1.813,2.064],[4.145,5.172],[-5.176,4.149],[-1.472,-1.837],[-28.11,-31.833],[-81.622,0],[0,0],[0,6.626]],"v":[[-143.229,116.018],[-155.23,104.016],[-155.23,56.008],[16.795,-116.018],[145.811,-57.791],[151.086,-51.508],[149.225,-34.638],[132.355,-36.505],[127.808,-41.913],[16.795,-92.014],[-131.227,56.008],[-131.227,104.016]],"c":true},"ix":2},"nm":"Path 1","mn":"ADBE Vector Shape - Group","hd":false},{"ty":"fl","c":{"a":0,"k":[0.19199999641,0.20800000359,0.226999993418,1],"ix":4},"o":{"a":0,"k":100,"ix":5},"r":1,"nm":"Fill 1","mn":"ADBE Vector Graphic - Fill","hd":false},{"ty":"tr","p":{"a":0,"k":[155.48,116.268],"ix":2},"a":{"a":0,"k":[0,0],"ix":1},"s":{"a":0,"k":[100,100],"ix":3},"r":{"a":0,"k":0,"ix":6},"o":{"a":0,"k":100,"ix":7},"sk":{"a":0,"k":0,"ix":4},"sa":{"a":0,"k":0,"ix":5},"nm":"Transform"}],"nm":"Group 3","np":2,"cix":2,"ix":3,"mn":"ADBE Vector Group","hd":false}],"ip":0,"op":20,"st":0,"bm":0},{"ddd":0,"ind":13,"ty":4,"nm":"ball-gray","sr":1,"ks":{"o":{"a":0,"k":100,"ix":11},"r":{"a":0,"k":0,"ix":10},"p":{"a":0,"k":[783.716,768.026,0],"ix":2},"a":{"a":0,"k":[124.269,72.261,0],"ix":1},"s":{"a":0,"k":[100,100,100],"ix":6}},"ao":0,"shapes":[{"ty":"gr","it":[{"ind":0,"ty":"sh","ix":1,"ks":{"a":0,"k":{"i":[[6.626,0],[0,6.626],[0,0],[55.149,0],[0,-55.149],[0,0],[6.63,0],[0,6.626],[0,0],[-68.385,0],[0,-68.386],[0,0]],"o":[[-6.626,0],[0,0],[0,-55.149],[-55.149,0],[0,0],[0,6.626],[-6.63,0],[0,0],[0,-68.386],[68.385,0],[0,0],[0,6.626]],"v":[[112.017,72.011],[100.015,60.009],[100.015,52.008],[0,-48.008],[-100.015,52.008],[-100.015,60.009],[-112.017,72.011],[-124.019,60.009],[-124.019,52.008],[0,-72.011],[124.019,52.008],[124.019,60.009]],"c":true},"ix":2},"nm":"Path 1","mn":"ADBE Vector Shape - Group","hd":false},{"ty":"fl","c":{"a":0,"k":[0.19199999641,0.20800000359,0.226999993418,1],"ix":4},"o":{"a":0,"k":100,"ix":5},"r":1,"nm":"Fill 1","mn":"ADBE Vector Graphic - Fill","hd":false},{"ty":"tr","p":{"a":0,"k":[124.269,72.261],"ix":2},"a":{"a":0,"k":[0,0],"ix":1},"s":{"a":0,"k":[100,100],"ix":3},"r":{"a":0,"k":0,"ix":6},"o":{"a":0,"k":100,"ix":7},"sk":{"a":0,"k":0,"ix":4},"sa":{"a":0,"k":0,"ix":5},"nm":"Transform"}],"nm":"Group 1","np":2,"cix":2,"ix":1,"mn":"ADBE Vector Group","hd":false}],"ip":0,"op":16,"st":0,"bm":0},{"ddd":0,"ind":14,"ty":4,"nm":"bush-gray","sr":1,"ks":{"o":{"a":0,"k":100,"ix":11},"r":{"a":0,"k":0,"ix":10},"p":{"a":0,"k":[1069.913,770.679,0],"ix":2},"a":{"a":0,"k":[147.738,69.608,0],"ix":1},"s":{"a":0,"k":[100,100,100],"ix":6}},"ao":0,"shapes":[{"ty":"gr","it":[{"ind":0,"ty":"sh","ix":1,"ks":{"a":0,"k":{"i":[[0.766,0],[1.125,5.719],[3.29,0.718],[7.174,-10.01],[5.368,3.688],[-3.578,5.461],[4.594,15.48],[8.673,3.797],[8.165,-4.306],[3.548,-18.378],[6.469,1.149],[-1.023,6.469],[13.581,12.423],[9.79,-2.446],[4.492,-8.954],[-8.407,-20.12],[6.017,-2.618],[2.695,5.97],[12.885,3.476],[-1.727,6.399],[-6.431,-1.734],[-2.899,-1.203],[-5.384,10.752],[-18.901,4.743],[-13.08,-11.962],[-4.314,-11.635],[-10.267,5.391],[-16.238,-7.111],[-4.172,-14.049],[3.603,-12.12],[-6.54,-1.429],[-3.133,-15.963],[6.501,-1.274]],"o":[[-5.618,0],[-1.899,-9.658],[-10.087,-2.196],[-3.804,5.306],[-5.384,-3.696],[9.58,-14.612],[-2.165,-7.266],[-9.618,-4.212],[-16.558,8.696],[-1.234,6.439],[-6.454,-1.133],[2.611,-16.574],[-7.032,-6.439],[-12.26,3.071],[-6.36,12.689],[2.533,6.048],[-6.055,2.617],[-1.478,-2.54],[-6.399,-1.728],[1.727,-6.399],[3.07,0.828],[-1.219,-14.127],[7.595,-15.143],[17.674,-4.446],[8.572,7.838],[6.961,-10.204],[14.642,-7.689],[15.111,6.618],[3.822,12.861],[6.337,-0.805],[18.16,3.947],[1.282,6.509],[-0.781,0.157]],"v":[[134.416,69.358],[122.656,59.669],[106.583,46.207],[75.906,56.271],[59.365,59.169],[56.114,42.69],[70.647,-9.952],[54.552,-26.391],[28.126,-26.258],[-3.341,24.555],[-17.193,34.103],[-26.978,20.414],[-44.511,-35.704],[-69.49,-41.628],[-94.377,-23.758],[-91.104,28.641],[-97.386,44.268],[-113.106,38.212],[-137.298,23.492],[-145.76,8.779],[-131.047,0.316],[-122.069,3.395],[-115.834,-34.517],[-75.335,-64.913],[-28.313,-53.418],[-8.982,-23.141],[16.968,-47.504],[64.178,-48.379],[93.651,-16.788],[92.205,21.875],[111.693,22.757],[146.205,55.044],[136.743,69.132]],"c":true},"ix":2},"nm":"Path 1","mn":"ADBE Vector Shape - Group","hd":false},{"ty":"fl","c":{"a":0,"k":[0.19199999641,0.20800000359,0.226999993418,1],"ix":4},"o":{"a":0,"k":100,"ix":5},"r":1,"nm":"Fill 1","mn":"ADBE Vector Graphic - Fill","hd":false},{"ty":"tr","p":{"a":0,"k":[147.737,69.609],"ix":2},"a":{"a":0,"k":[0,0],"ix":1},"s":{"a":0,"k":[100,100],"ix":3},"r":{"a":0,"k":0,"ix":6},"o":{"a":0,"k":100,"ix":7},"sk":{"a":0,"k":0,"ix":4},"sa":{"a":0,"k":0,"ix":5},"nm":"Transform"}],"nm":"Group 1","np":2,"cix":2,"ix":1,"mn":"ADBE Vector Group","hd":false}],"ip":0,"op":12,"st":0,"bm":0}],"markers":[]}