{
  "movie": [
    {
      "id": "M1",
      "title": "Alita: Battle Angel",
      "releaseDate": "14 February, 2019",
      "movieRate": "Rating: 72%· \u200E6,558 Ratings",
      "description": "When Alita awakens with no memory of who she is in a future world she does not recognize, she is taken in by Ido, a compassionate doctor who realizes that somewhere in this abandoned cyborg shell is the heart and soul of a young woman with an extraordinary past.",
      "genres": "Action, Science Fiction, Adventure",
      "originalLanguage": "English",
      "runTime": "2 hr 2 min",
      "imagePath": "https://m.media-amazon.com/images/M/MV5BMTQzYWYwYjctY2JhZS00NTYzLTllM2UtZWY5ZTk0NmYwYzIyXkEyXkFqcGdeQXVyMzgxODM4NjM@._V1_.jpg",
      "filmDirectors": "Robert Rodriguez"
    },
    {
      "id": "M2",
      "title": "Aquaman",
      "releaseDate": "21 December, 2018",
      "movieRate": "Rating: 69%· \u200E10,443 Ratings",
      "description": "Once home to the most advanced civilization on Earth, Atlantis is now an underwater kingdom ruled by the power-hungry King Orm. With a vast army at his disposal, Orm plans to conquer the remaining oceanic people and then the surface world. Standing in his way is Arthur Curry, Orm's half-human, half-Atlantean brother and true heir to the throne.",
      "genres": "Action, Adventure, Fantasy",
      "originalLanguage": "English",
      "runTime": "2h 23m",
      "imagePath": "https://m.media-amazon.com/images/M/MV5BOTk5ODg0OTU5M15BMl5BanBnXkFtZTgwMDQ3MDY3NjM@._V1_.jpg",
      "filmDirectors": "James Wan"
    },
    {
      "id": "M3",
      "title": "Bohemian Rhapsody",
      "releaseDate": "23 October, 2018",
      "movieRate": "Rating: 80%· \u200E13,228 Ratings",
      "description": "Singer Freddie Mercury, guitarist Brian May, drummer Roger Taylor and bass guitarist John Deacon take the music world by storm when they form the rock 'n' roll band Queen in 1970. Hit songs become instant classics. When Mercury's increasingly wild lifestyle starts to spiral out of control, Queen soon faces its greatest challenge yet – finding a way to keep the band together amid the success and excess.",
      "genres": "Music, Drama, History",
      "originalLanguage": "English",
      "runTime": "2h 15m",
      "imagePath": "https://m.media-amazon.com/images/M/MV5BMTA2NDc3Njg5NDVeQTJeQWpwZ15BbWU4MDc1NDcxNTUz._V1_.jpg",
      "filmDirectors": "Anthony McCarten"
    },
    {
      "id": "M4",
      "title": "Creed II",
      "releaseDate": "21 November, 2018",
      "movieRate": "Rating: 69%· \u200E3,717 Ratings",
      "description": "Between personal obligations and training for his next big fight against an opponent with ties to his family's past, Adonis Creed is up against the challenge of his life.",
      "genres": "Drama",
      "originalLanguage": "English",
      "runTime": "2h 10m",
      "imagePath": "https://m.media-amazon.com/images/M/MV5BYmEyNWZhM2YtZDAyNi00ZjYzLWI2ZWMtOWM4ZmI1MDE0OWNmXkEyXkFqcGdeQXVyMjMwNDgzNjc@._V1_.jpg",

      "filmDirectors": "Sylvester Stallone"
    },
    {
      "id": "M5",
      "title": "Fantastic Beasts: The Crimes of Grindelwald",
      "releaseDate": "16 November, 2018",
      "movieRate": "Rating: 69%. \u200E8,097 Ratings",
      "description": "Gellert Grindelwald has escaped imprisonment and has begun gathering followers to his cause—elevating wizards above all non-magical beings. The only one capable of putting a stop to him is the wizard he once called his closest friend, Albus Dumbledore. However, Dumbledore will need to seek help from the wizard who had thwarted Grindelwald once before, his former student Newt Scamander, who agrees to help, unaware of the dangers that lie ahead. Lines are drawn as love and loyalty are tested, even among the truest friends and family, in an increasingly divided wizarding world.",
      "genres": "Adventure, Fantasy, Drama",
      "originalLanguage": "English",
      "runTime": "2h 14m",
      "imagePath": "https://m.media-amazon.com/images/M/MV5BYWVlMDI5N2UtZTIyMC00NjZkLWI5Y2QtODM5NGE5MzA0NmVjXkEyXkFqcGdeQXVyNzU3NjUxMzE@._V1_FMjpg_UX1000_.jpg",
      "filmDirectors": "David Yates"
    },
    {
      "id": "M6",
      "title": "How to Train Your Dragon: The Hidden World",
      "releaseDate": "09 January, 2019",
      "movieRate": "Rating: 78%. \u200E4,535 Ratings",
      "description": "As Hiccup fulfills his dream of creating a peaceful dragon utopia, Toothless’ discovery of an untamed, elusive mate draws the Night Fury away. When danger mounts at home and Hiccup’s reign as village chief is tested, both dragon and rider must make impossible decisions to save their kind.",
      "genres": "Animation, Family, Adventure",
      "originalLanguage": "English",
      "runTime": "1h 44m",
      "imagePath": "https://m.media-amazon.com/images/M/MV5BMjIwMDIwNjAyOF5BMl5BanBnXkFtZTgwNDE1MDc2NTM@._V1_.jpg",
      "filmDirectors": "Dean DeBlois"
    },
    {
      "id": "M7",
      "title": "Avengers: Infinity War",
      "releaseDate": "27 April, 2018",
      "movieRate": "Rating: 83%. \u200E21,772 Ratings",
      "description": "As the Avengers and their allies have continued to protect the world from threats too large for any one hero to handle, a new danger has emerged from the cosmic shadows: Thanos. A despot of intergalactic infamy, his goal is to collect all six Infinity Stones, artifacts of unimaginable power, and use them to inflict his twisted will on all of reality. Everything the Avengers have fought for has led up to this moment - the fate of Earth and existence itself has never been more uncertain.",
      "genres": "Adventure, Action, Science Fiction",
      "originalLanguage": "English",
      "runTime": "2h 29m",
      "imagePath": "https://m.media-amazon.com/images/M/MV5BMjMxNjY2MDU1OV5BMl5BanBnXkFtZTgwNzY1MTUwNTM@._V1_.jpg",
      "filmDirectors": "Joe Russo, Anthony Russo"
    },
    {
      "id": "M8",
      "title": "Mary Queen of Scots",
      "releaseDate": "21 December, 2018",
      "movieRate": "Rating: 66%. \u200E1,339 Ratings",
      "description": "In 1561, Mary Stuart, widow of the King of France, returns to Scotland, reclaims her rightful throne and menaces the future of Queen Elizabeth I as ruler of England, because she has a legitimate claim to the English throne. Betrayals, rebellions, conspiracies and their own life choices imperil both Queens. They experience the bitter cost of power, until their tragic fate is finally fulfilled.",
      "genres": "Drama, History",
      "originalLanguage": "English",
      "runTime": "2h 4m",
      "imagePath": "https://m.media-amazon.com/images/M/MV5BNDVmOGI4MTMtYmNmNC00MTliLTlkYjQtYmU2N2EyNDk2YTAwXkEyXkFqcGdeQXVyMjM4NTM5NDY@._V1_.jpg",
      "filmDirectors": "Josie Rourke"
    },
    {
      "id": "M9",
      "title": "Master Z: Ip Man Legacy",
      "releaseDate": "26 December, 2018",
      "movieRate": "Rating: 66%. \u200E327 Ratings",
      "description": "Following his defeat by Master Ip, Cheung Tin Chi tries to make a life with his young son in Hong Kong, waiting tables at a bar that caters to expats. But it's not long before the mix of foreigners, money, and triad leaders draw him once again to the fight.",
      "genres": "Actions",
      "originalLanguage": "Cantonese",
      "runTime": "1h 47m",
      "imagePath": "https://m.media-amazon.com/images/M/MV5BMTYxNzA0ODQyMF5BMl5BanBnXkFtZTgwNzUwNTg1NzM@._V1_.jpg",
      "filmDirectors": "Yuen Woo-ping"
    },
    {
      "id": "M10",
      "title": "Mortal Engines",
      "releaseDate": "14 December, 2018",
      "movieRate": "Rating: 61%. \u200E3,371 Ratings",
      "description": "Many thousands of years in the future, Earth’s cities roam the globe on huge wheels, devouring each other in a struggle for ever diminishing resources. On one of these massive traction cities, the old London, Tom Natsworthy has an unexpected encounter with a mysterious young woman from the wastelands who will change the course of his life forever.",
      "genres": "Adventure, Science Fiction",
      "originalLanguage": "English",
      "runTime": "2h 9m",
      "imagePath": "https://m.media-amazon.com/images/M/MV5BNzY1MDA2OTQ0N15BMl5BanBnXkFtZTgwMTkzNjU2NTM@._V1_.jpg",
      "filmDirectors": "Christian Rivers"
    }
  ],
  "tvshow": [
    {
      "id": "T1",
      "title": "Game of Thrones",
      "releaseDate": "April 17, 2011",
      "ratings": "Rating: 9.3/10 · \u200E1,808,911 votes",
      "description": "Seven noble families fight for control of the mythical land of Westeros. Friction between the houses leads to full-scale war. All while a very ancient evil awakens in the farthest north. Amidst the war, a neglected military order of misfits, the Night's Watch, is all that stands between the realms of men and icy horrors beyond.",
      "tvShowGenre": "Serial, Epic, Tragedy, Action, Fantasy television, Action fiction, Drama, Suspense, Medieval fantasy, Thriller, Adventure, Special Interest",
      "originalLanguage": "English",
      "numOfEpisodes": "73 Episode",
      "numOfSeasons": "8 Seasons",
      "runTimes": "57 min",
      "imagePath": "https://m.media-amazon.com/images/M/MV5BYTRiNDQwYzAtMzVlZS00NTI5LWJjYjUtMzkwNTUzMWMxZTllXkEyXkFqcGdeQXVyNDIzMzcwNjc@._V1_.jpg",
      "creators": "David Benioff, D.B. Weiss"
    },
    {
      "id": "T2",
      "title": "Doom Patrol",
      "releaseDate": "15 February, 2019",
      "ratings": "Rating: 76%. \u200E827 Ratings",
      "description": "The Doom Patrol’s members each suffered horrible accidents that gave them superhuman abilities — but also left them scarred and disfigured. Traumatized and downtrodden, the team found purpose through The Chief, who brought them together to investigate the weirdest phenomena in existence — and to protect Earth from what they find.",
      "tvShowGenre": "Sci-Fi & Fantasy, Comedy, Drama",
      "originalLanguage": "English",
      "numOfEpisodes": "24 Episodes",
      "numOfSeasons": "2 Seasons",
      "runTimes": "60 min",
      "imagePath": "https://m.media-amazon.com/images/M/MV5BM2I1OWZiNTUtZGNmOS00NGNiLTlhZmItOTU3MGRlMWFkYWU3XkEyXkFqcGdeQXVyMTkxNjUyNQ@@._V1_.jpg",
      "creators": "Jeremy Carver"
    },
    {
      "id": "T3",
      "title": "Arrow",
      "releaseDate": "10 October, 2012",
      "ratings": "Rating: 66%. \u200E4,536 Ratings",
      "description": "Spoiled billionaire playboy Oliver Queen is missing and presumed dead when his yacht is lost at sea. He returns five years later a changed man, determined to clean up the city as a hooded vigilante armed with a bow.",
      "tvShowGenre": "Crime, Drama, Mystery, Action & Adventure",
      "originalLanguage": "English",
      "numOfEpisodes": "170 Episodes",
      "numOfSeasons": "8 Seasons",
      "runTimes": "42 min",
      "imagePath": "https://m.media-amazon.com/images/M/MV5BMTI0NTMwMDgtYTMzZC00YmJhLTg4NzMtMTc1NjI4MWY4NmQ4XkEyXkFqcGdeQXVyNTY3MTYzOTA@._V1_.jpg",
      "creators": "Greg Berlanti, Marc Guggenheim, Andrew Kreisberg"
    },
    {
      "id": "T4",
      "title": "Family Guy",
      "releaseDate": "31 January, 1999",
      "ratings": "Rating: 70%. \u200E2,763 Ratings",
      "description": "Sick, twisted, politically incorrect and Freakin' Sweet animated series featuring the adventures of the dysfunctional Griffin family. Bumbling Peter and long-suffering Lois have three kids. Stewie (a brilliant but sadistic baby bent on killing his mother and taking over the world), Meg (the oldest, and is the most unpopular girl in town) and Chris (the middle kid, he's not very bright but has a passion for movies). The final member of the family is Brian - a talking dog and much more than a pet, he keeps Stewie in check whilst sipping Martinis and sorting through his own life issues.",
      "tvShowGenre": "Animation, Comedy",
      "originalLanguage": "English",
      "numOfEpisodes": "369 Episodes",
      "numOfSeasons": "19 Seasons",
      "runTimes": "22 min",
      "imagePath": "https://m.media-amazon.com/images/M/MV5BODEwZjEzMjAtNjQxMy00Yjc4LWFlMDAtYjhjZTAxNDU3OTg3XkEyXkFqcGdeQXVyOTM2NTM4MjA@._V1_.jpg",
      "creators": "Seth MacFarlane"
    },
    {
      "id": "T5",
      "title": "Flash",
      "releaseDate": "7 October, 2014",
      "ratings": "Rating: 66%. \u200E4,536 Ratings",
      "description": "After a particle accelerator causes a freak storm, CSI Investigator Barry Allen is struck by lightning and falls into a coma. Months later he awakens with the power of super speed, granting him the ability to move through Central City like an unseen guardian angel. Though initially excited by his newfound powers, Barry is shocked to discover he is not the only \"meta-human\" who was created in the wake of the accelerator explosion -- and not everyone is using their new powers for good. Barry partners with S.T.A.R. Labs and dedicates his life to protect the innocent. For now, only a few close friends and associates know that Barry is literally the fastest man alive, but it won't be long before the world learns what Barry Allen has become...The Flash.",
      "tvShowGenre": "Drama, Sci-Fi & Fantasy",
      "originalLanguage": "English",
      "numOfEpisodes": "142 Episodes",
      "numOfSeasons": "7 Seasons",
      "runTimes": "44 min",
      "imagePath": "https://m.media-amazon.com/images/M/MV5BMDIzNzYwNTctZWY4Mi00YjQ2LWI5YWYtMzdmNDgwMGI4Yzk1XkEyXkFqcGdeQXVyMTkxNjUyNQ@@._V1_.jpg",
      "creators": "Greg Berlanti, Geoff Johns, Andrew Kreisberg"
    },
    {
      "id": "T6",
      "title": "Gotham",
      "releaseDate": "22 September, 2014",
      "ratings": "Rating: 75%. \u200E2,296 Ratings",
      "description": "Everyone knows the name Commissioner Gordon. He is one of the crime world's greatest foes, a man whose reputation is synonymous with law and order. But what is known of Gordon's story and his rise from rookie detective to Police Commissioner? What did it take to navigate the multiple layers of corruption that secretly ruled Gotham City, the spawning ground of the world's most iconic villains? And what circumstances created them – the larger-than-life personas who would become Catwoman, The Penguin, The Riddler, Two-Face and The Joker?",
      "tvShowGenre": "Drama, Crime, Sci-Fi & Fantasy",
      "originalLanguage": "English",
      "numOfEpisodes": "100 Episodes",
      "numOfSeasons": "5 Seasons",
      "runTimes": "43 min",
      "imagePath": "https://m.media-amazon.com/images/M/MV5BMTU5NjQ2MTU4NV5BMl5BanBnXkFtZTgwOTYyNTAwNzM@._V1_.jpg",
      "creators": "Bruno Heller"
    },
    {
      "id": "T7",
      "title": "Marvel's Iron Fist",
      "releaseDate": "17 March, 2017",
      "ratings": "Rating: 66%. \u200E 1,604 Ratings",
      "description": "Danny Rand resurfaces 15 years after being presumed dead. Now, with the power of the Iron Fist, he seeks to reclaim his past and fulfill his destiny.",
      "tvShowGenre": "Action & Adventure, Drama, Sci-Fi & Fantasy",
      "originalLanguage": "English",
      "numOfEpisodes": "23 Episodes",
      "numOfSeasons": "2 Seasons",
      "runTimes": "55 min",
      "imagePath": "https://m.media-amazon.com/images/M/MV5BMjI5Mjg1NDcyOV5BMl5BanBnXkFtZTgwMjAxOTQ5MTI@._V1_.jpg",
      "creators": "Scott Buck"
    },
    {
      "id": "T8",
      "title": "Supergirl",
      "releaseDate": "26 October, 2015",
      "ratings": "Rating: 73%. \u200E3,060 Ratings",
      "description": "Twenty-four-year-old Kara Zor-El, who was taken in by the Danvers family when she was 13 after being sent away from Krypton, must learn to embrace her powers after previously hiding them. The Danvers teach her to be careful with her powers, until she has to reveal them during an unexpected disaster, setting her on her journey of heroism.",
      "tvShowGenre": "Drama, Sci-Fi & Fantasy, Action & Adventure",
      "originalLanguage": "English",
      "numOfEpisodes": "113 Episodes",
      "numOfSeasons": "6 Seasons",
      "runTimes": "42 min",
      "imagePath": "https://m.media-amazon.com/images/M/MV5BODQ3MmFkZjQtZDVlYi00NTA3LWE2YTMtZmM5NzNkZGE5ZTdjXkEyXkFqcGdeQXVyMTA1OTAyOTI@._V1_.jpg",
      "creators": "Greg Berlanti, Ali Adler, Andrew Kreisberg"
    },
    {
      "id": "T9",
      "title": "Riverdale",
      "releaseDate": "26 January, 2017",
      "ratings": "Rating: %. \u200E Ratings",
      "description": "Set in the present, the series offers a bold, subversive take on Archie, Betty, Veronica and their friends, exploring the surreality of small-town life, the darkness and weirdness bubbling beneath Riverdale’s wholesome facade.",
      "tvShowGenre": "Mystery, Drama, Crime",
      "originalLanguage": "English",
      "numOfEpisodes": "86 Episodes",
      "numOfSeasons": "5 Seasons",
      "runTimes": "45 min",
      "imagePath": "https://m.media-amazon.com/images/M/MV5BZTg3OTczYmMtMWIxNi00NWIzLTg3ZjAtZjRkMTNkNGQ5Y2E0XkEyXkFqcGdeQXVyMTkxNjUyNQ@@._V1_FMjpg_UX1000_.jpg",
      "creators": "Roberto Aguirre-Sacasa"
    },
    {
      "id": "T10",
      "title": "The Walking Dead",
      "releaseDate": "31 October, 2010",
      "ratings": "Rating: %. \u200E Ratings",
      "description": "Sheriff's deputy Rick Grimes awakens from a coma to find a post-apocalyptic world dominated by flesh-eating zombies. He sets out to find his family and encounters many other survivors along the way.",
      "tvShowGenre": "Action & Adventure, Drama, Sci-Fi & Fantasy",
      "originalLanguage": "English",
      "numOfEpisodes": "153 Episodes",
      "numOfSeasons": "10 Seasons",
      "runTimes": "42 min",
      "imagePath": "https://m.media-amazon.com/images/M/MV5BMTc5ZmM0OTQtNDY4MS00ZjMyLTgwYzgtOGY0Y2VlMWFmNDU0XkEyXkFqcGdeQXVyNDIzMzcwNjc@._V1_.jpg",
      "creators": "Frank Darabont"
    }
  ]
}